{"cameraMode":{"drawMode":0,"name":"Shaded","section":"Shading Mode"},"sceneLighting":true,"audioPlay":false,"sceneViewState":{"showFog":true,"showMaterialUpdate":false,"showSkybox":true,"showFlares":true,"showImageEffects":true,"showParticleSystems":true},"in2DMode":false,"pivot":{"x":0.5687670707702637,"y":-0.013113260269165039,"z":-2.594533920288086},"rotation":{"x":0.019382206723093988,"y":-0.9804613590240479,"z":0.14698874950408936,"w":0.12928740680217744},"size":8.701725006103516,"orthographic":false}